Date,Closing_Price,SMA20,Daily_Return,Direction,Streaks,Profit,Signal
2022-09-20,154.46176147460938,,,Flat,0,0.0,
2022-09-21,151.33119201660156,,-0.02,Down,-1,0.0,
2022-09-22,150.3664093017578,,-0.006,Down,-2,0.0,
2022-09-23,148.09230041503906,,-0.015,Down,-3,0.0,Buy
2022-09-26,148.42698669433594,,0.002,Up,1,0.0,Hold
2022-09-27,149.401611328125,,0.007,Up,2,1.3093109130859375,Sell
2022-09-28,147.511474609375,,-0.013,Down,-1,1.3093109130859375,
2022-09-29,140.26583862304688,,-0.049,Down,-2,1.3093109130859375,
2022-09-30,136.05235290527344,,-0.03,Down,-3,1.3093109130859375,Buy
2022-10-03,140.2362823486328,,0.031,Up,1,1.3093109130859375,Hold
2022-10-04,143.82958984375,,0.026,Up,2,1.3093109130859375,Hold
2022-10-05,144.1249237060547,,0.002,Up,3,9.381881713867188,Sell
2022-10-06,143.16998291015625,,-0.007,Down,-1,9.381881713867188,
2022-10-07,137.9129638671875,,-0.037,Down,-2,9.381881713867188,Buy
2022-10-10,138.2378692626953,,0.002,Up,1,9.706787109375,Sell
2022-10-11,136.82022094726562,,-0.01,Down,-1,9.706787109375,
2022-10-12,136.19017028808594,,-0.005,Down,-2,9.706787109375,Buy
2022-10-13,140.76792907714844,,0.034,Up,1,14.2845458984375,Sell
2022-10-14,136.22958374023438,,-0.032,Down,-1,14.2845458984375,Buy
2022-10-17,140.19696044921875,143.1813201904297,0.029,Up,1,14.2845458984375,Hold
2022-10-18,141.51612854003906,142.5340385437012,0.009,Up,2,14.2845458984375,Hold
2022-10-19,141.62442016601562,142.0486999511719,0.001,Up,3,19.67938232421875,Sell
2022-10-20,141.1616973876953,141.58846435546877,-0.003,Down,-1,19.67938232421875,Buy
2022-10-21,144.98141479492188,141.43292007446288,0.027,Up,1,19.67938232421875,Hold
2022-10-24,147.12754821777344,141.3679481506348,0.015,Up,2,19.67938232421875,Hold
2022-10-25,149.9726104736328,141.39649810791016,0.019,Up,3,28.49029541015625,Sell
2022-10-26,147.02906799316406,141.37237777709962,-0.02,Down,-1,28.49029541015625,
2022-10-27,142.5498046875,141.48657608032227,-0.03,Down,-2,28.49029541015625,Buy
2022-10-28,153.3197784423828,142.3499473571777,0.076,Up,1,39.26026916503906,Sell
2022-10-31,150.9570770263672,142.88598709106444,-0.015,Down,-1,39.26026916503906,
2022-11-01,148.30886840820312,143.10995101928714,-0.018,Down,-2,39.26026916503906,
2022-11-02,142.7761688232422,143.0425132751465,-0.037,Down,-3,39.26026916503906,
2022-11-03,136.7218017578125,142.7201042175293,-0.042,Down,-4,39.26026916503906,
2022-11-04,136.45555114746094,142.647233581543,-0.002,Down,-5,39.26026916503906,Buy
2022-11-07,136.98805236816406,142.58474273681642,0.004,Up,1,39.26026916503906,Hold
2022-11-08,137.55996704101562,142.6217300415039,0.004,Up,2,40.36468505859375,Sell
2022-11-09,132.99435424804688,142.46193923950196,-0.033,Down,-1,40.36468505859375,Buy
2022-11-10,144.8274688720703,142.66491622924806,0.089,Up,1,40.36468505859375,Hold
2022-11-11,147.61810302734375,143.2343421936035,0.019,Up,2,54.988433837890625,Sell
2022-11-14,146.21783447265625,143.5353858947754,-0.009,Down,-1,54.988433837890625,Buy
2022-11-15,147.95338439941406,143.85724868774415,0.012,Up,1,56.72398376464844,Sell
2022-11-16,146.72079467773438,144.11206741333007,-0.008,Down,-1,56.72398376464844,Buy
2022-11-17,148.6239471435547,144.48517990112302,0.013,Up,1,56.72398376464844,Hold
2022-11-18,149.18601989746094,144.69541015624998,0.004,Up,2,59.189208984375,Sell
2022-11-21,145.95162963867188,144.63661422729493,-0.022,Down,-1,59.189208984375,Buy
2022-11-22,148.0914306640625,144.54255523681644,0.015,Up,1,59.189208984375,Hold
2022-11-23,148.96905517578125,144.6395545959473,0.006,Up,2,62.206634521484375,Sell
2022-11-25,146.0502471923828,144.81457672119143,-0.02,Down,-1,62.206634521484375,
2022-11-28,142.21434020996094,144.2593048095703,-0.026,Down,-2,62.206634521484375,
2022-11-29,139.2067413330078,143.67178802490233,-0.021,Down,-3,62.206634521484375,Buy
2022-11-30,145.97134399414062,143.55491180419924,0.049,Up,1,62.206634521484375,Hold
2022-12-01,146.24745178222656,143.72847595214844,0.002,Up,2,69.24734497070312,Sell
2022-12-02,145.75439453125,144.18010559082032,-0.003,Down,-1,69.24734497070312,
2022-12-05,144.59078979492188,144.58686752319338,-0.008,Down,-2,69.24734497070312,
2022-12-06,140.92254638671875,144.7835922241211,-0.025,Down,-3,69.24734497070312,
2022-12-07,138.97994995117188,144.8545913696289,-0.014,Down,-4,69.24734497070312,Buy
2022-12-08,140.66615295410156,145.23818130493163,0.012,Up,1,70.93354797363281,Sell
2022-12-09,140.18296813964844,145.00595626831054,-0.003,Down,-1,70.93354797363281,Buy
2022-12-12,142.48056030273438,144.7490791320801,0.016,Up,1,70.93354797363281,Hold
2022-12-13,143.44696044921875,144.61053543090821,0.007,Up,2,74.19754028320312,Sell
2022-12-14,141.2183837890625,144.27378540039064,-0.016,Down,-1,74.19754028320312,
2022-12-15,134.6016845703125,143.66782989501954,-0.047,Down,-2,74.19754028320312,
2022-12-16,132.6393585205078,142.8686004638672,-0.015,Down,-3,74.19754028320312,
2022-12-19,130.52911376953125,141.93575515747074,-0.016,Down,-4,74.19754028320312,
2022-12-20,130.46009826660156,141.16117858886722,-0.001,Down,-5,74.19754028320312,Buy
2022-12-21,133.56631469726562,140.43492279052734,0.024,Up,1,77.30375671386719,Sell
2022-12-22,130.39105224609375,139.506022644043,-0.024,Down,-1,77.30375671386719,
2022-12-23,130.0261993408203,138.70482025146484,-0.003,Down,-2,77.30375671386719,
2022-12-27,128.2216339111328,138.00518493652345,-0.014,Down,-3,77.30375671386719,
2022-12-28,124.28715515136719,137.25920562744142,-0.031,Down,-4,77.30375671386719,Buy
2022-12-29,127.80747985839844,136.3510124206543,0.028,Up,1,77.30375671386719,Hold
2022-12-30,128.12306213378906,135.44479293823244,0.002,Up,2,81.13966369628906,Sell
2023-01-03,123.33065032958984,134.32360572814943,-0.037,Down,-1,81.13966369628906,Buy
2023-01-04,124.60271453857422,133.32420196533204,0.01,Up,1,82.41172790527344,Sell
2023-01-05,123.28133392333984,132.4421413421631,-0.011,Down,-1,82.41172790527344,Buy
2023-01-06,127.81736755371094,131.88401222229004,0.037,Up,1,82.41172790527344,Hold
2023-01-09,128.33999633789062,131.2677043914795,0.004,Up,2,82.41172790527344,Hold
2023-01-10,128.9119415283203,130.7041530609131,0.004,Up,3,82.41172790527344,Hold
2023-01-11,131.63356018066406,130.16180305480958,0.021,Up,4,90.76395416259766,Sell
2023-01-12,131.55465698242188,129.56718788146975,-0.001,Down,-1,90.76395416259766,Buy
2023-01-13,132.88587951660156,129.15056266784669,0.01,Up,1,90.76395416259766,Hold
2023-01-17,134.0494842529297,129.12295265197753,0.009,Up,2,93.25878143310547,Sell
2023-01-18,133.3296356201172,129.157466506958,-0.005,Down,-1,93.25878143310547,Buy
2023-01-19,133.3887939453125,129.30045051574706,0.0,Flat,1,93.25878143310547,Hold
2023-01-20,135.95262145996094,129.57507667541503,0.019,Up,2,93.25878143310547,Hold
2023-01-23,139.1475830078125,129.8541400909424,0.024,Up,3,93.25878143310547,Hold
2023-01-24,140.54782104492188,130.3619785308838,0.01,Up,4,100.47696685791016,Sell
2023-01-25,139.8871612548828,130.8550266265869,-0.005,Down,-1,100.47696685791016,Buy
2023-01-26,141.95797729492188,131.54184379577637,0.015,Up,1,100.47696685791016,Hold
2023-01-27,143.90054321289062,132.52251319885255,0.014,Up,2,104.49034881591797,Sell
2023-01-30,141.0113067626953,133.1827045440674,-0.02,Down,-1,104.49034881591797,Buy
2023-01-31,142.28335571289062,133.89071922302247,0.009,Up,1,104.49034881591797,Hold
2023-02-01,143.40748596191406,134.89456100463866,0.008,Up,2,104.49034881591797,Hold
2023-02-02,148.7225341796875,136.10055198669434,0.037,Up,3,104.49034881591797,Hold
2023-02-03,152.35134887695312,137.554052734375,0.024,Up,4,115.83039093017578,Sell
2023-02-06,149.61988830566406,138.64417877197266,-0.018,Down,-1,115.83039093017578,Buy
2023-02-07,152.49928283691406,139.85214309692384,0.019,Up,1,118.70978546142578,Sell
2023-02-08,149.80723571777344,140.89690780639648,-0.018,Down,-1,118.70978546142578,
2023-02-09,148.77183532714844,141.75382156372072,-0.007,Down,-2,118.70978546142578,Buy
2023-02-10,149.1372528076172,142.63295135498046,0.002,Up,1,118.70978546142578,Hold
2023-02-13,151.94203186035156,143.58575897216798,0.019,Up,2,121.8799819946289,Sell
2023-02-14,151.3000946044922,144.44828948974612,-0.004,Down,-1,121.8799819946289,Buy
2023-02-15,153.40370178222656,145.45199279785157,0.014,Up,1,123.98358917236328,Sell
2023-02-16,151.8037872314453,146.37274246215821,-0.01,Down,-1,123.98358917236328,
2023-02-17,150.65818786621094,147.10802078247073,-0.008,Down,-2,123.98358917236328,
2023-02-21,146.63861083984375,147.4825721740723,-0.027,Down,-3,123.98358917236328,Buy
2023-02-22,147.0633087158203,147.80834655761723,0.003,Up,1,123.98358917236328,Hold
2023-02-23,147.5471954345703,148.19134826660158,0.003,Up,2,124.89217376708984,Sell
2023-02-24,144.8905487060547,148.3379768371582,-0.018,Down,-1,124.89217376708984,Buy
2023-02-27,146.08558654785156,148.44722900390624,0.008,Up,1,126.08721160888672,Sell
2023-02-28,145.58189392089844,148.6757583618164,-0.003,Down,-1,126.08721160888672,
2023-03-01,143.50796508789062,148.73698883056642,-0.014,Down,-2,126.08721160888672,Buy
2023-03-02,144.1005096435547,148.77164001464845,0.004,Up,1,126.08721160888672,Hold
2023-03-03,149.15701293945312,148.79336395263672,0.035,Up,2,126.08721160888672,Hold
2023-03-06,151.92230224609375,148.77191162109375,0.019,Up,3,134.50154876708984,Sell
2023-03-07,149.71994018554688,148.7769142150879,-0.014,Down,-1,134.50154876708984,Buy
2023-03-08,150.9741973876953,148.700659942627,0.008,Up,1,135.75580596923828,Sell
2023-03-09,148.72242736816406,148.6464195251465,-0.015,Down,-1,135.75580596923828,
2023-03-10,146.65841674804688,148.54074859619143,-0.014,Down,-2,135.75580596923828,Buy
2023-03-13,148.60394287109375,148.51408309936525,0.013,Up,1,135.75580596923828,Hold
2023-03-14,150.69766235351562,148.45186462402344,0.014,Up,2,135.75580596923828,Hold
2023-03-15,151.09271240234375,148.441495513916,0.003,Up,3,135.75580596923828,Hold
2023-03-16,153.917236328125,148.46717224121093,0.019,Up,4,143.0146255493164,Sell
2023-03-17,153.07778930664062,148.5308723449707,-0.005,Down,-1,143.0146255493164,Buy
2023-03-20,155.44801330566406,148.77036361694337,0.015,Up,1,143.0146255493164,Hold
2023-03-21,157.30470275878906,149.30366821289067,0.012,Up,2,147.24153900146484,Sell
2023-03-22,155.87269592285156,149.7441375732422,-0.009,Down,-1,147.24153900146484,Buy
2023-03-23,156.95901489257812,150.2147285461426,0.007,Up,1,147.24153900146484,Hold
2023-03-24,158.2626495361328,150.8833335876465,0.008,Up,2,149.6314926147461,Sell
2023-03-27,156.3170928955078,151.39490890502933,-0.012,Down,-1,149.6314926147461,
2023-03-28,155.6949005126953,151.90055923461918,-0.004,Down,-2,149.6314926147461,Buy
2023-03-29,158.7762451171875,152.66397323608402,0.02,Up,1,149.6314926147461,Hold
2023-03-30,160.3465118408203,153.47627334594728,0.01,Up,2,149.6314926147461,Hold
2023-03-31,162.85496520996094,154.16117095947266,0.016,Up,3,149.6314926147461,Hold
2023-04-03,164.1092529296875,154.77051849365233,0.008,Up,4,158.04584503173828,Sell
2023-04-04,163.57595825195312,155.46331939697265,-0.003,Down,-1,158.04584503173828,
2023-04-05,161.72915649414062,156.0010673522949,-0.011,Down,-2,158.04584503173828,Buy
2023-04-06,162.61798095703125,156.69584503173826,0.005,Up,1,158.9346694946289,Sell
2023-04-10,160.02059936523438,157.36395416259765,-0.016,Down,-1,158.9346694946289,
2023-04-11,158.8058624267578,157.8740501403809,-0.008,Down,-2,158.9346694946289,
2023-04-12,158.1145477294922,158.2448944091797,-0.004,Down,-3,158.9346694946289,Buy
2023-04-13,163.50682067871094,158.86559982299806,0.034,Up,1,164.32694244384766,Sell
2023-04-14,163.1611785888672,159.32779693603518,-0.002,Down,-1,164.32694244384766,Buy
2023-04-17,163.180908203125,159.83295288085938,0.0,Flat,1,164.32694244384766,Hold
2023-04-18,164.405517578125,160.28082809448242,0.008,Up,2,164.32694244384766,Hold
2023-04-19,165.55116271972656,160.6931510925293,0.007,Up,3,166.71692657470703,Sell
2023-04-20,164.5832977294922,161.12868118286133,-0.006,Down,-1,166.71692657470703,
2023-04-21,162.97352600097656,161.4294067382813,-0.01,Down,-2,166.71692657470703,Buy
2023-04-24,163.27967834472656,161.68025817871097,0.002,Up,1,167.02307891845703,Sell
2023-04-25,161.73902893066406,161.95135498046875,-0.009,Down,-1,167.02307891845703,
2023-04-26,161.72915649414062,162.253067779541,-0.0,Flat,-2,167.02307891845703,Buy
2023-04-27,166.32150268554688,162.63033065795898,0.028,Up,1,167.02307891845703,Hold
2023-04-28,167.5757293701172,162.99179153442384,0.008,Up,2,172.8696517944336,Sell
2023-05-01,167.48684692382812,163.2233856201172,-0.001,Down,-1,172.8696517944336,
2023-05-02,166.44984436035156,163.3404151916504,-0.006,Down,-2,172.8696517944336,
2023-05-03,165.37338256835938,163.43028640747073,-0.006,Down,-3,172.8696517944336,
2023-05-04,163.73397827148438,163.53052749633787,-0.01,Down,-4,172.8696517944336,Buy
2023-05-05,171.41748046875,163.97050247192382,0.047,Up,1,180.55315399169922,Sell
2023-05-08,171.34835815429688,164.536890411377,-0.0,Flat,-1,180.55315399169922,
2023-05-09,169.63980102539062,165.0785873413086,-0.01,Down,-2,180.55315399169922,Buy
2023-05-10,171.40760803222656,165.7432403564453,0.01,Up,1,180.55315399169922,Hold
2023-05-11,171.59524536132812,166.14766159057618,0.001,Up,2,182.50859832763672,Sell
2023-05-12,170.66561889648438,166.522883605957,-0.005,Down,-1,182.50859832763672,
2023-05-15,170.171142578125,166.872395324707,-0.003,Down,-2,182.50859832763672,
2023-05-16,170.171142578125,167.16067657470705,0.0,Flat,0,182.50859832763672,Buy
2023-05-17,170.7843017578125,167.42233352661134,0.004,Up,1,182.50859832763672,Hold
2023-05-18,173.1182403564453,167.849080657959,0.014,Up,2,182.50859832763672,Hold
2023-05-19,173.22705078125,168.36175689697268,0.001,Up,3,185.56450653076172,Sell
2023-05-22,172.27764892578125,168.8116554260254,-0.005,Down,-1,185.56450653076172,
2023-05-23,169.66676330566406,169.20804214477542,-0.015,Down,-2,185.56450653076172,Buy
2023-05-24,169.9436492919922,169.618766784668,0.002,Up,1,185.56450653076172,Hold
2023-05-25,171.08099365234375,169.85674133300782,0.007,Up,2,185.56450653076172,Hold
2023-05-26,173.49404907226562,170.15265731811525,0.014,Up,3,185.56450653076172,Hold
2023-05-30,175.34341430664062,170.54548568725588,0.011,Up,4,191.24115753173828,Sell
2023-05-31,175.2939910888672,170.98769302368166,-0.0,Flat,-1,191.24115753173828,Buy
2023-06-01,178.1026153564453,171.62415466308596,0.016,Up,1,191.24115753173828,Hold
2023-06-02,178.95314025878906,172.3851127624512,0.005,Up,2,194.90030670166016,Sell
2023-06-05,177.5982666015625,172.6941520690918,-0.008,Down,-1,194.90030670166016,
2023-06-06,177.23233032226562,172.98835067749025,-0.002,Down,-2,194.90030670166016,
2023-06-07,175.85768127441406,173.29924468994142,-0.008,Down,-3,194.90030670166016,Buy
2023-06-08,178.57733154296875,173.6577308654785,0.015,Up,1,194.90030670166016,Hold
2023-06-09,178.96302795410156,174.02611999511717,0.002,Up,2,194.90030670166016,Hold
2023-06-12,181.76181030273438,174.58092956542967,0.016,Up,3,200.80443572998047,Sell
2023-06-13,181.287109375,175.13672790527343,-0.003,Down,-1,200.80443572998047,Buy
2023-06-14,181.92002868652344,175.72417221069338,0.003,Up,1,200.80443572998047,Hold
2023-06-15,183.9573211669922,176.38282318115233,0.011,Up,2,203.47464752197266,Sell
2023-06-16,182.8793182373047,176.8708770751953,-0.006,Down,-1,203.47464752197266,Buy
2023-06-20,182.9683380126953,177.3579414367676,0.0,Flat,1,203.56366729736328,Sell
2023-06-21,181.92994689941406,177.84055633544924,-0.006,Down,-1,203.56366729736328,Buy
2023-06-22,184.93637084960938,178.6040367126465,0.017,Up,1,206.5700912475586,Sell
2023-06-23,184.61990356445312,179.33784942626954,-0.002,Down,-1,206.5700912475586,
2023-06-26,183.2254638671875,179.94507293701173,-0.008,Down,-2,206.5700912475586,Buy
2023-06-27,185.9846649169922,180.56960372924806,0.015,Up,1,206.5700912475586,Hold
2023-06-28,187.16156005859375,181.1605110168457,0.006,Up,2,206.5700912475586,Hold
2023-06-29,187.49778747558594,181.77070083618165,0.002,Up,3,206.5700912475586,Hold
2023-06-30,191.82945251464844,182.45704269409183,0.023,Up,4,215.17407989501953,Sell
2023-07-03,190.3361358642578,183.02619247436525,-0.008,Down,-1,215.17407989501953,
2023-07-05,189.21856689453125,183.6072074890137,-0.006,Down,-2,215.17407989501953,Buy
2023-07-06,189.69329833984375,184.2302558898926,0.003,Up,1,215.64881134033203,Sell
2023-07-07,188.57574462890625,184.86615905761718,-0.006,Down,-1,215.64881134033203,
2023-07-10,186.52862548828125,185.26372375488282,-0.011,Down,-2,215.64881134033203,
2023-07-11,186.00448608398438,185.61579666137695,-0.003,Down,-3,215.64881134033203,Buy
2023-07-12,187.6758270263672,185.9114974975586,0.009,Up,1,215.64881134033203,Hold
2023-07-13,188.4373321533203,186.26900863647458,0.004,Up,2,215.64881134033203,Hold
2023-07-14,188.58566284179688,186.60229034423827,0.001,Up,3,215.64881134033203,Hold
2023-07-17,191.84927368164062,186.9968879699707,0.017,Up,4,221.49359893798828,Sell
2023-07-18,191.59210205078125,187.4325271606445,-0.001,Down,-1,221.49359893798828,Buy
2023-07-19,192.947021484375,187.93146133422852,0.007,Up,1,222.84851837158203,Sell
2023-07-20,190.99874877929688,188.38490142822266,-0.01,Down,-1,222.84851837158203,
2023-07-21,189.8218536376953,188.62917556762696,-0.006,Down,-2,222.84851837158203,Buy
2023-07-24,190.62289428710938,188.92932510375977,0.004,Up,1,222.84851837158203,Hold
2023-07-25,191.4833221435547,189.34221801757812,0.005,Up,2,222.84851837158203,Hold
2023-07-26,192.35360717773438,189.66066513061526,0.005,Up,3,225.3802719116211,Sell
2023-07-27,191.08775329589844,189.8569747924805,-0.007,Down,-1,225.3802719116211,Buy
2023-07-28,193.66896057128906,190.16553344726563,0.014,Up,1,225.3802719116211,Hold
2023-07-31,194.2821044921875,190.28816604614258,0.003,Up,2,228.57462310791016,Sell
2023-08-01,193.4513702392578,190.44392776489255,-0.004,Down,-1,228.57462310791016,
2023-08-02,190.45480346679688,190.50573959350587,-0.015,Down,-2,228.57462310791016,
2023-08-03,189.0603485107422,190.47409210205078,-0.007,Down,-3,228.57462310791016,
2023-08-04,179.98167419433594,190.04438858032222,-0.048,Down,-4,228.57462310791016,
2023-08-07,176.8763427734375,189.5617744445801,-0.017,Down,-5,228.57462310791016,Buy
2023-08-08,177.8158416748047,189.15234222412107,0.005,Up,1,229.51412200927734,Sell
2023-08-09,176.22360229492188,188.5797309875488,-0.009,Down,-1,229.51412200927734,
2023-08-10,176.0060272216797,187.9581657409668,-0.001,Down,-2,229.51412200927734,Buy
2023-08-11,176.06544494628906,187.3321548461914,0.0,Flat,1,229.51412200927734,Hold
2023-08-14,177.71923828125,186.6256530761719,0.009,Up,2,231.22733306884766,Sell
2023-08-15,175.72872924804688,185.83248443603517,-0.011,Down,-1,231.22733306884766,
2023-08-16,174.85731506347656,184.92799911499023,-0.005,Down,-2,231.22733306884766,
2023-08-17,172.3122100830078,183.9936721801758,-0.015,Down,-3,231.22733306884766,Buy
2023-08-18,172.79747009277344,183.1424530029297,0.003,Up,1,231.22733306884766,Hold
2023-08-21,174.1343536376953,182.318025970459,0.008,Up,2,231.22733306884766,Hold
2023-08-22,175.5108642578125,181.51940307617187,0.008,Up,3,231.22733306884766,Hold
2023-08-23,179.3631591796875,180.86988067626953,0.022,Up,4,238.27828216552734,Sell
2023-08-24,174.6691436767578,180.04895019531247,-0.026,Down,-1,238.27828216552734,Buy
2023-08-25,176.87750244140625,179.20937728881833,0.013,Up,1,238.27828216552734,Hold
2023-08-28,178.4421844482422,178.41738128662104,0.009,Up,2,238.27828216552734,Hold
2023-08-29,182.3340606689453,177.86151580810545,0.022,Up,3,238.27828216552734,Hold
2023-08-30,185.8297882080078,177.63026504516603,0.019,Up,4,238.27828216552734,Hold
2023-08-31,186.0476837158203,177.47963180541993,0.001,Up,5,238.27828216552734,Hold
2023-09-01,187.62225341796875,177.8616607666016,0.008,Up,6,238.27828216552734,Hold
2023-09-05,187.85992431640625,178.41083984375004,0.001,Up,7,251.46906280517578,Sell
2023-09-06,181.1357879638672,178.57683715820315,-0.036,Down,-1,251.46906280517578,
2023-09-07,175.8376922607422,178.55754165649415,-0.029,Down,-2,251.46906280517578,Buy
2023-09-08,176.45166015625,178.57982330322264,0.003,Up,1,251.46906280517578,Hold
2023-09-11,177.62022399902344,178.65756225585938,0.007,Up,2,253.25159454345703,Sell
2023-09-12,174.5899200439453,178.50109634399416,-0.017,Down,-1,253.25159454345703,
2023-09-13,172.5201873779297,178.3406692504883,-0.012,Down,-2,253.25159454345703,Buy
2023-09-14,174.0353546142578,178.29957122802736,0.009,Up,1,254.76676177978516,Sell
2023-09-15,173.31240844726562,178.34958114624027,-0.004,Down,-1,254.76676177978516,Buy
2023-09-18,176.2436981201172,178.52189254760745,0.017,Up,1,254.76676177978516,Hold
2023-09-19,177.3330535888672,178.68182754516602,0.006,Up,2,258.7874069213867,Sell
2023-09-20,173.7877655029297,178.59567260742185,-0.02,Down,-1,258.7874069213867,
2023-09-21,172.24288940429688,178.23965911865233,-0.009,Down,-2,258.7874069213867,Buy
2023-09-22,173.09457397460938,178.16093063354492,0.005,Up,1,258.7874069213867,Hold
2023-09-25,174.37205505371094,178.03565826416016,0.007,Up,2,260.9165725708008,Sell
2023-09-26,170.2919921875,177.6281486511231,-0.023,Down,-1,260.9165725708008,
2023-09-27,168.77684020996094,176.95028762817387,-0.009,Down,-2,260.9165725708008,Buy
2023-09-28,169.0343017578125,176.11051330566409,0.002,Up,1,260.9165725708008,Hold
2023-09-29,169.54928588867188,175.28559341430665,0.003,Up,2,260.9165725708008,Hold
2023-10-02,172.06463623046875,174.50771255493166,0.015,Up,3,264.2043685913086,Sell
2023-10-03,170.72772216796875,173.65110244750977,-0.008,Down,-1,264.2043685913086,Buy
2023-10-04,171.9755096435547,173.19308853149414,0.007,Up,1,264.2043685913086,Hold
2023-10-05,173.21337890625,173.06187286376954,0.007,Up,2,264.2043685913086,Hold
2023-10-06,175.7683868408203,173.02770919799804,0.015,Up,3,264.2043685913086,Hold
2023-10-09,177.25384521484375,173.00939025878904,0.008,Up,4,270.7304916381836,Sell
2023-10-10,176.6596221923828,173.11287536621094,-0.003,Down,-1,270.7304916381836,Buy
2023-10-11,178.0559539794922,173.38966369628906,0.008,Up,1,270.7304916381836,Hold
2023-10-12,178.95713806152344,173.63575286865236,0.005,Up,2,273.0280075073242,Sell
2023-10-13,177.1151885986328,173.82589187622074,-0.01,Down,-1,273.0280075073242,
2023-10-16,176.98641967773438,173.86302795410157,-0.001,Down,-2,273.0280075073242,
2023-10-17,175.43165588378906,173.76795806884766,-0.009,Down,-3,273.0280075073242,
2023-10-18,174.1343536376953,173.78528747558593,-0.007,Down,-4,273.0280075073242,
2023-10-19,173.75807189941406,173.86104660034178,-0.002,Down,-5,273.0280075073242,
2023-10-20,171.20309448242188,173.76647262573238,-0.015,Down,-6,273.0280075073242,Buy
2023-10-23,171.32188415527344,173.61396408081055,0.001,Up,1,273.0280075073242,Hold
2023-10-24,171.75765991210938,173.68724746704103,0.003,Up,2,273.5825729370117,Sell
2023-10-25,169.4403533935547,173.72042312622074,-0.013,Down,-1,273.5825729370117,
2023-10-26,165.27117919921875,173.53226699829105,-0.025,Down,-2,273.5825729370117,Buy
2023-10-27,166.58827209472656,173.38421630859375,0.008,Up,1,273.5825729370117,Hold
2023-10-30,168.63819885253906,173.21289443969727,0.012,Up,2,273.5825729370117,Hold
2023-10-31,169.11355590820312,173.132186126709,0.003,Up,3,273.5825729370117,Hold
2023-11-01,172.2825164794922,173.14753646850588,0.019,Up,4,273.5825729370117,Hold
2023-11-02,175.84759521484375,173.27924728393558,0.021,Up,5,284.1589889526367,Sell
2023-11-03,174.9365234375,173.23765411376954,-0.005,Down,-1,284.1589889526367,Buy
2023-11-06,177.49148559570312,173.2495361328125,0.015,Up,1,284.1589889526367,Hold
2023-11-07,180.05638122558594,173.41937408447268,0.014,Up,2,284.1589889526367,Hold
2023-11-08,181.1160125732422,173.57237701416014,0.006,Up,3,290.3384780883789,Sell
2023-11-09,180.64064025878906,173.65655212402342,-0.003,Down,-1,290.3384780883789,Buy
2023-11-10,184.8351287841797,174.04254913330078,0.023,Up,1,294.53296661376953,Sell
2023-11-13,183.24855041503906,174.355655670166,-0.009,Down,-1,294.53296661376953,Buy
2023-11-14,185.8663787841797,174.87739181518552,0.014,Up,1,294.53296661376953,Hold
2023-11-15,186.43161010742188,175.49225463867185,0.003,Up,2,294.53296661376953,Hold
2023-11-16,188.11734008789062,176.2102180480957,0.009,Up,3,299.4017562866211,Sell
2023-11-17,188.09751892089844,177.05493927001953,-0.0,Flat,-1,299.4017562866211,Buy
2023-11-20,189.8427276611328,177.9809814453125,0.009,Up,1,301.14696502685547,Sell
2023-11-21,189.03953552246094,178.8450752258301,-0.004,Down,-1,301.14696502685547,Buy
2023-11-22,189.7039031982422,179.85825271606447,0.004,Up,1,301.8113327026367,Sell
2023-11-24,188.37515258789062,181.01345138549806,-0.007,Down,-1,301.8113327026367,
2023-11-27,188.19668579101562,182.0938720703125,-0.001,Down,-2,301.8113327026367,Buy
2023-11-28,188.80152893066406,183.10203857421874,0.003,Up,1,302.41617584228516,Sell
2023-11-29,187.78018188476562,184.03536987304685,-0.005,Down,-1,302.41617584228516,Buy
2023-11-30,188.35531616210938,184.83900985717773,0.003,Up,1,302.41617584228516,Hold
2023-12-01,189.63450622558594,185.52835540771483,0.007,Up,2,304.27050018310547,Sell
2023-12-04,187.83969116210938,186.1735137939453,-0.009,Down,-1,304.27050018310547,Buy
2023-12-05,191.7961883544922,186.88874893188475,0.021,Up,1,308.2269973754883,Sell
2023-12-06,190.70542907714844,187.4212013244629,-0.006,Down,-1,308.2269973754883,Buy
2023-12-07,192.63905334472656,187.99735336303712,0.01,Up,1,308.2269973754883,Hold
2023-12-08,194.0669403076172,188.66866836547854,0.007,Up,2,311.58850860595703,Sell
2023-12-11,191.55821228027344,189.00482254028321,-0.013,Down,-1,311.58850860595703,Buy
2023-12-12,193.0753631591797,189.49616317749025,0.008,Up,1,311.58850860595703,Hold
2023-12-13,196.298095703125,190.0177490234375,0.017,Up,2,311.58850860595703,Hold
2023-12-14,196.4468231201172,190.51850967407222,0.001,Up,3,316.4771194458008,Sell
2023-12-15,195.91134643554688,190.90820999145507,-0.003,Down,-1,316.4771194458008,
2023-12-18,194.24545288085938,191.2156066894531,-0.009,Down,-2,316.4771194458008,Buy
2023-12-19,195.28663635253906,191.48780212402343,0.005,Up,1,317.51830291748047,Sell
2023-12-20,193.19436645507812,191.69554367065433,-0.011,Down,-1,317.51830291748047,
2023-12-21,193.04559326171875,191.86262817382814,-0.001,Down,-2,317.51830291748047,
2023-12-22,191.9746856689453,192.0426048278809,-0.006,Down,-3,317.51830291748047,
2023-12-26,191.42929077148438,192.20423507690433,-0.003,Down,-4,317.51830291748047,Buy
2023-12-27,191.5284423828125,192.34058074951176,0.001,Up,1,317.51830291748047,Hold
2023-12-28,191.95486450195312,192.54931488037113,0.002,Up,2,318.0438766479492,Sell
2023-12-29,190.9136505126953,192.6772315979004,-0.005,Down,-1,318.0438766479492,
2024-01-02,184.08151245117188,192.3995819091797,-0.036,Down,-2,318.0438766479492,
2024-01-03,182.70318603515625,192.14275665283205,-0.007,Down,-3,318.0438766479492,
2024-01-04,180.3828125,191.57208786010744,-0.013,Down,-4,318.0438766479492,
2024-01-05,179.65895080566406,191.01976394653323,-0.004,Down,-5,318.0438766479492,Buy
2024-01-08,184.00218200683594,190.5879203796387,0.024,Up,1,322.3871078491211,Sell
2024-01-09,183.58570861816406,190.06385879516603,-0.002,Down,-1,322.3871078491211,Buy
2024-01-10,184.62689208984375,189.71729278564456,0.006,Up,1,323.4282913208008,Sell
2024-01-11,184.0319061279297,189.26511993408204,-0.003,Down,-1,323.4282913208008,Buy
2024-01-12,184.359130859375,188.66817169189454,0.002,Up,1,323.7555160522461,Sell
2024-01-16,182.08837890625,187.95024948120115,-0.012,Down,-1,323.7555160522461,
2024-01-17,181.14634704589844,187.21199951171874,-0.005,Down,-2,323.7555160522461,Buy
2024-01-18,187.04640197753906,186.85204696655273,0.033,Up,1,323.7555160522461,Hold
2024-01-19,189.95181274414062,186.58530578613278,0.016,Up,2,323.7555160522461,Hold
2024-01-22,192.26222229003906,186.53869857788084,0.012,Up,3,323.7555160522461,Hold
2024-01-23,193.54139709472656,186.56348876953123,0.007,Up,4,336.1505661010742,Sell
2024-01-24,192.8671112060547,186.60811004638668,-0.003,Down,-1,336.1505661010742,
2024-01-25,192.5398712158203,186.6636390686035,-0.002,Down,-2,336.1505661010742,
2024-01-26,190.8045654296875,186.62744522094727,-0.009,Down,-3,336.1505661010742,
2024-01-29,190.12039184570312,186.53572158813478,-0.004,Down,-4,336.1505661010742,
2024-01-30,186.46133422851562,186.31310577392583,-0.019,Down,-5,336.1505661010742,
2024-01-31,182.85189819335938,186.25162506103516,-0.019,Down,-6,336.1505661010742,Buy
2024-02-01,185.29127502441406,186.38102951049802,0.013,Up,1,338.5899429321289,Sell
2024-02-02,184.28973388671875,186.57637557983398,-0.005,Down,-1,338.5899429321289,Buy
2024-02-05,186.1043701171875,186.89864654541014,0.01,Up,1,338.5899429321289,Hold
2024-02-06,187.7107696533203,187.08407592773438,0.009,Up,2,338.5899429321289,Hold
2024-02-07,187.81985473632812,187.2957832336426,0.001,Up,3,342.1200637817383,Sell
2024-02-08,186.739013671875,187.40138931274416,-0.006,Down,-1,342.1200637817383,Buy
2024-02-09,187.50350952148438,187.5749694824219,0.004,Up,1,342.88455963134766,Sell
2024-02-12,185.8156280517578,187.64779434204104,-0.009,Down,-1,342.88455963134766,
2024-02-13,183.72067260742188,187.72940902709965,-0.011,Down,-2,342.88455963134766,
2024-02-14,182.83702087402344,187.81394271850587,-0.005,Down,-3,342.88455963134766,
2024-02-15,182.549072265625,187.58907623291017,-0.002,Down,-4,342.88455963134766,
2024-02-16,181.0101318359375,187.14199218750002,-0.008,Down,-5,342.88455963134766,
2024-02-20,180.26548767089844,186.54215545654296,-0.004,Down,-6,342.88455963134766,Buy
2024-02-21,181.0200653076172,185.9160888671875,0.004,Up,1,342.88455963134766,Hold
2024-02-22,183.05543518066406,185.42550506591797,0.011,Up,2,345.6745071411133,Sell
2024-02-23,181.21865844726562,184.85944442749025,-0.01,Down,-1,345.6745071411133,
2024-02-26,179.8683319091797,184.3126327514649,-0.007,Down,-2,345.6745071411133,Buy
2024-02-27,181.3278350830078,183.87300491333013,0.008,Up,1,347.1340103149414,Sell
2024-02-28,180.12649536132812,183.55626296997076,-0.007,Down,-1,347.1340103149414,
2024-02-29,179.46127319335938,183.38673171997073,-0.004,Down,-2,347.1340103149414,
2024-03-01,178.3790283203125,183.04111938476564,-0.006,Down,-3,347.1340103149414,
2024-03-04,173.85154724121094,182.51921005249025,-0.025,Down,-4,347.1340103149414,
2024-03-05,168.9070281982422,181.659342956543,-0.028,Down,-5,347.1340103149414,
2024-03-06,167.9141845703125,180.66951370239258,-0.006,Down,-6,347.1340103149414,
2024-03-07,167.79502868652344,179.66827239990235,-0.001,Down,-7,347.1340103149414,Buy
2024-03-08,169.5126953125,178.80695648193358,0.01,Up,1,347.1340103149414,Hold
2024-03-11,171.51829528808594,178.00769577026367,0.012,Up,2,347.1340103149414,Hold
2024-03-12,171.994873046875,177.31665802001956,0.003,Up,3,351.33385467529297,Sell
2024-03-13,169.9098663330078,176.62611770629886,-0.012,Down,-1,351.33385467529297,Buy
2024-03-14,171.76651000976562,176.07259216308597,0.011,Up,1,353.1904983520508,Sell
2024-03-15,171.3892059326172,175.5145988464356,-0.002,Down,-1,353.1904983520508,Buy
2024-03-18,172.48138427734375,175.0881614685059,0.006,Up,1,353.1904983520508,Hold
2024-03-19,174.82456970214844,174.81611557006838,0.014,Up,2,353.1904983520508,Hold
2024-03-20,177.39610290527344,174.6349174499512,0.015,Up,3,359.19739532470703,Sell
2024-03-21,170.14813232421875,173.98955230712892,-0.041,Down,-1,359.19739532470703,Buy
2024-03-22,171.0516815185547,173.4812034606934,0.005,Up,1,360.10094451904297,Sell
2024-03-25,169.63186645507812,172.9693801879883,-0.008,Down,-1,360.10094451904297,
2024-03-26,168.49998474121094,172.32798767089847,-0.007,Down,-2,360.10094451904297,Buy
2024-03-27,172.07431030273438,171.92537841796877,0.021,Up,1,363.6752700805664,Sell
2024-03-28,170.25733947753906,171.46518173217774,-0.011,Down,-1,363.6752700805664,
2024-04-01,168.81768798828125,170.98711471557618,-0.008,Down,-2,363.6752700805664,
2024-04-02,167.6361846923828,170.67634658813478,-0.007,Down,-3,363.6752700805664,Buy
2024-04-03,168.44041442871094,170.65301589965824,0.005,Up,1,364.47949981689453,Sell
2024-04-04,167.6163330078125,170.63812332153321,-0.005,Down,-1,364.47949981689453,Buy
2024-04-05,168.37091064453125,170.66691741943362,0.005,Up,1,365.2340774536133,Sell
2024-04-08,167.2489776611328,170.55373153686523,-0.007,Down,-1,365.2340774536133,Buy
2024-04-09,168.4602508544922,170.40082931518555,0.007,Up,1,366.44535064697266,Sell
2024-04-10,166.583740234375,170.13027267456056,-0.011,Down,-1,366.44535064697266,Buy
2024-04-11,173.79196166992188,170.32437744140626,0.043,Up,1,366.44535064697266,Hold
2024-04-12,175.29119873046875,170.5006118774414,0.009,Up,2,375.1528091430664,Sell
2024-04-15,171.45872497558594,170.50408782958985,-0.022,Down,-1,375.1528091430664,
2024-04-16,168.17234802246094,170.2886360168457,-0.019,Down,-2,375.1528091430664,
2024-04-17,166.80218505859375,169.88751678466798,-0.008,Down,-3,375.1528091430664,
2024-04-18,165.8489990234375,169.31016159057617,-0.006,Down,-4,375.1528091430664,
2024-04-19,163.8235626220703,168.99393310546878,-0.012,Down,-5,375.1528091430664,Buy
2024-04-22,164.65756225585938,168.67422714233402,0.005,Up,1,375.1528091430664,Hold
2024-04-23,165.7100067138672,168.47813415527347,0.006,Up,2,375.1528091430664,Hold
2024-04-24,167.81491088867188,168.44388046264652,0.013,Up,3,375.1528091430664,Hold
2024-04-25,168.6787109375,168.2741004943848,0.005,Up,4,380.0079574584961,Sell
2024-04-26,168.0928955078125,168.1658782958985,-0.003,Down,-1,380.0079574584961,Buy
2024-04-29,172.262939453125,168.33814086914066,0.025,Up,1,384.1780014038086,Sell
2024-04-30,169.11553955078125,168.41210861206056,-0.018,Down,-1,384.1780014038086,
2024-05-01,168.0928955078125,168.39473266601567,-0.006,Down,-2,384.1780014038086,Buy
2024-05-02,171.79629516601562,168.6037307739258,0.022,Up,1,384.1780014038086,Hold
2024-05-03,182.07252502441406,169.28881149291996,0.06,Up,2,398.15763092041016,Sell
2024-05-06,180.4144287109375,169.94708404541018,-0.009,Down,-1,398.15763092041016,Buy
2024-05-07,181.09950256347656,170.57904663085938,0.004,Up,1,398.15763092041016,Hold
2024-05-08,181.4370574951172,171.32171249389646,0.002,Up,2,398.15763092041016,Hold
2024-05-09,183.25405883789062,171.7948173522949,0.01,Up,3,400.9972610473633,Sell
2024-05-10,181.99136352539062,172.12982559204102,-0.007,Down,-1,400.9972610473633,Buy
2024-05-13,185.2026824951172,172.8170234680176,0.018,Up,1,400.9972610473633,Hold
2024-05-14,186.34605407714844,173.72570877075196,0.006,Up,2,400.9972610473633,Hold
2024-05-15,188.62281799316406,174.81674041748047,0.012,Up,3,400.9972610473633,Hold
2024-05-16,188.7421112060547,175.96139602661134,0.001,Up,4,400.9972610473633,Hold
2024-05-17,188.7719268798828,177.20881423950198,0.0,Flat,5,400.9972610473633,Hold
2024-05-20,189.93516540527344,178.47269439697266,0.006,Up,6,400.9972610473633,Hold
2024-05-21,191.2375946044922,179.74907379150392,0.007,Up,7,410.24349212646484,Sell
2024-05-22,189.79595947265625,180.84812622070314,-0.008,Down,-1,410.24349212646484,
2024-05-23,185.79922485351562,181.70415191650392,-0.021,Down,-2,410.24349212646484,Buy
2024-05-24,188.8813018798828,182.74357223510742,0.017,Up,1,410.24349212646484,Hold
2024-05-28,188.8912353515625,183.57498703002932,0.0,Flat,2,410.24349212646484,Hold
2024-05-29,189.18951416015625,184.57868576049805,0.002,Up,3,410.24349212646484,Hold
2024-05-30,190.18373107910156,185.6832275390625,0.005,Up,4,410.24349212646484,Hold
2024-05-31,191.1381378173828,186.65031967163085,0.005,Up,5,410.24349212646484,Hold
2024-06-03,192.90786743164062,187.19208679199218,0.009,Up,6,410.24349212646484,Hold
2024-06-04,193.2260284423828,187.8326667785645,0.002,Up,7,410.24349212646484,Hold
2024-06-05,194.7372283935547,188.51455307006836,0.008,Up,8,419.1814956665039,Sell
2024-06-06,193.35528564453125,189.11046447753907,-0.007,Down,-1,419.1814956665039,Buy
2024-06-07,195.75132751464844,189.7353279113769,0.012,Up,1,421.5775375366211,Sell
2024-06-10,192.0031280517578,190.23591613769528,-0.019,Down,-1,421.5775375366211,Buy
2024-06-11,205.95199584960938,191.27338180541992,0.073,Up,1,421.5775375366211,Hold
2024-06-12,211.83778381347656,192.54796829223633,0.029,Up,2,421.5775375366211,Hold
2024-06-13,213.00099182128906,193.7668769836426,0.005,Up,3,442.57540130615234,Sell
2024-06-14,211.2611083984375,194.89282684326176,-0.008,Down,-1,442.57540130615234,Buy
2024-06-17,215.4169464111328,196.22507781982426,0.02,Up,1,446.73123931884766,Sell
2024-06-18,213.05068969726562,197.38085403442383,-0.011,Down,-1,446.73123931884766,
2024-06-20,208.46734619140625,198.24234161376953,-0.022,Down,-2,446.73123931884766,
2024-06-21,206.29005432128906,199.0670463562012,-0.01,Down,-3,446.73123931884766,Buy
2024-06-24,206.936279296875,200.12389907836916,0.003,Up,1,446.73123931884766,Hold
2024-06-25,207.86090087890625,201.07287902832033,0.004,Up,2,446.73123931884766,Hold
2024-06-26,212.0167236328125,202.22915344238282,0.02,Up,3,446.73123931884766,Hold
2024-06-27,212.86181640625,203.41276855468752,0.004,Up,4,453.3030014038086,Sell
2024-06-28,209.40191650390625,204.37367782592773,-0.016,Down,-1,453.3030014038086,Buy
2024-07-01,215.49647521972656,205.59159469604492,0.029,Up,1,453.3030014038086,Hold
2024-07-02,218.99612426757812,206.8960075378418,0.016,Up,2,453.3030014038086,Hold
2024-07-03,220.26870727539062,208.24814147949218,0.006,Up,3,453.3030014038086,Hold
2024-07-05,225.03099060058594,209.7628295898438,0.022,Up,4,453.3030014038086,Hold
2024-07-08,226.50247192382812,211.42018890380862,0.007,Up,5,453.3030014038086,Hold
2024-07-09,227.35748291015625,213.000496673584,0.004,Up,6,453.3030014038086,Hold
2024-07-10,231.6326141357422,214.98197097778325,0.019,Up,7,475.53369903564453,Sell
2024-07-11,226.25390625,215.99706649780276,-0.023,Down,-1,475.53369903564453,Buy
2024-07-12,229.2067108154297,216.86551284790042,0.013,Up,1,475.53369903564453,Hold
2024-07-15,233.04440307617188,217.86768341064456,0.017,Up,2,475.53369903564453,Hold
2024-07-16,233.46197509765625,218.9777267456055,0.002,Up,3,482.7417678833008,Sell
2024-07-17,227.5563201904297,219.58469543457036,-0.025,Down,-1,482.7417678833008,
2024-07-18,222.88351440429688,220.0763366699219,-0.021,Down,-2,482.7417678833008,Buy
2024-07-19,223.01275634765625,220.80360717773436,0.001,Up,1,482.87100982666016,Sell
2024-07-22,222.664794921875,221.62234420776366,-0.002,Down,-1,482.87100982666016,Buy
2024-07-23,223.70870971679688,222.46096572875973,0.005,Up,1,483.91492462158203,Sell
2024-07-24,217.27613830566406,222.93172760009764,-0.029,Down,-1,483.91492462158203,
2024-07-25,216.23219299316406,223.14250106811522,-0.005,Down,-2,483.91492462158203,Buy
2024-07-26,216.69949340820312,223.3343849182129,0.002,Up,1,483.91492462158203,Hold
2024-07-29,216.97787475585938,223.71318283081055,0.001,Up,2,483.91492462158203,Hold
2024-07-30,217.53460693359375,223.81508941650395,0.003,Up,3,483.91492462158203,Hold
2024-07-31,220.795654296875,223.90506591796876,0.015,Up,4,488.47838592529297,Sell
2024-08-01,217.09716796875,223.7464889526367,-0.017,Down,-1,488.47838592529297,Buy
2024-08-02,218.5885009765625,223.42436447143555,0.007,Up,1,489.96971893310547,Sell
2024-08-05,208.05975341796875,222.5022285461426,-0.048,Down,-1,489.96971893310547,
2024-08-06,206.0315399169922,221.4359313964844,-0.01,Down,-2,489.96971893310547,Buy
2024-08-07,208.6065673828125,220.2846290588379,0.012,Up,1,489.96971893310547,Hold
2024-08-08,212.0763702392578,219.57575225830078,0.017,Up,2,489.96971893310547,Hold
2024-08-09,214.98944091796875,218.86488876342776,0.014,Up,3,489.96971893310547,Hold
2024-08-12,216.5222930908203,218.03878326416017,0.007,Up,4,489.96971893310547,Hold
2024-08-13,220.24496459960938,217.3779327392578,0.017,Up,5,489.96971893310547,Hold
2024-08-14,220.69290161132812,217.03476181030274,0.002,Up,6,489.96971893310547,Hold
2024-08-15,223.6790008544922,217.07453613281248,0.014,Up,7,489.96971893310547,Hold
2024-08-16,225.00283813476562,217.17404022216797,0.006,Up,8,508.9410171508789,Sell
2024-08-19,224.8435821533203,217.28297958374026,-0.001,Down,-1,508.9410171508789,Buy
2024-08-20,225.46067810058594,217.3705780029297,0.003,Up,1,509.55811309814453,Sell
2024-08-21,225.35121154785156,217.77433166503906,-0.0,Flat,-1,509.55811309814453,
2024-08-22,223.4898681640625,218.137215423584,-0.008,Down,-2,509.55811309814453,Buy
2024-08-23,225.78916931152344,218.59169921875,0.01,Up,1,509.55811309814453,Hold
2024-08-26,226.12759399414062,219.04918518066404,0.001,Up,2,509.55811309814453,Hold
2024-08-27,226.97364807128906,219.52113723754883,0.004,Up,3,513.0418930053711,Sell
2024-08-28,225.4407958984375,219.75339431762697,-0.007,Down,-1,513.0418930053711,Buy
2024-08-29,228.7255096435547,220.3348114013672,0.015,Up,1,516.3266067504883,Sell
2024-08-30,227.93917846679688,220.8023452758789,-0.003,Down,-1,516.3266067504883,
2024-09-03,221.738037109375,221.48625946044922,-0.027,Down,-2,516.3266067504883,
2024-09-04,219.82691955566406,222.1760284423828,-0.009,Down,-3,516.3266067504883,Buy
2024-09-05,221.34982299804688,222.8131912231445,0.007,Up,1,517.8495101928711,Sell
2024-09-06,219.7970733642578,223.19922637939453,-0.007,Down,-1,517.8495101928711,Buy
2024-09-09,219.8866424560547,223.44408645629886,0.0,Flat,1,517.939079284668,Sell
2024-09-10,219.09034729003906,223.5724891662598,-0.004,Down,-1,517.939079284668,Buy
2024-09-11,221.62852478027344,223.641667175293,0.012,Up,1,517.939079284668,Hold
2024-09-12,221.738037109375,223.6939239501953,0.0,Flat,2,520.5867691040039,Sell
2024-09-13,221.4692840576172,223.58343811035158,-0.001,Down,-1,520.5867691040039,
2024-09-16,215.3179168701172,223.09919204711915,-0.028,Down,-2,520.5867691040039,Buy
2024-09-17,215.7857208251953,222.64629898071288,0.002,Up,1,520.5867691040039,Hold
2024-09-18,219.66766357421875,222.35664825439457,0.018,Up,2,520.5867691040039,Hold
2024-09-19,227.80975341796875,222.4795753479004,0.037,Up,3,533.0786056518555,Sell
2024-09-20,227.1428680419922,222.6622253417969,-0.003,Down,-1,533.0786056518555,
2024-09-23,225.42088317871094,222.64381103515626,-0.008,Down,-2,533.0786056518555,Buy
2024-09-24,226.3167266845703,222.65326766967775,0.004,Up,1,533.9744491577148,Sell
2024-09-25,225.3213348388672,222.57065200805664,-0.004,Down,-1,533.9744491577148,Buy
2024-09-26,226.4660186767578,222.62191314697267,0.005,Up,1,533.9744491577148,Hold
2024-09-27,226.73475646972656,222.52237548828123,0.001,Up,2,533.9744491577148,Hold
2024-09-30,231.920654296875,222.72144927978513,0.023,Up,3,540.5737686157227,Sell
2024-10-01,225.162109375,222.89265289306638,-0.029,Down,-1,540.5737686157227,Buy
2024-10-02,225.7294464111328,223.18777923583983,0.003,Up,1,541.1411056518555,Sell
2024-10-03,224.6245880126953,223.35151748657225,-0.005,Down,-1,541.1411056518555,Buy
2024-10-04,225.74935913085938,223.64913177490234,0.005,Up,1,542.2658767700195,Sell
2024-10-07,220.66302490234375,223.6879508972168,-0.023,Down,-1,542.2658767700195,Buy
2024-10-08,224.72412109375,223.96963958740236,0.018,Up,1,542.2658767700195,Hold
2024-10-09,228.47666931152344,224.31204681396486,0.017,Up,2,550.0795211791992,Sell
2024-10-10,227.97898864746094,224.62409439086915,-0.002,Down,-1,550.0795211791992,
2024-10-11,226.49588012695312,224.87542419433592,-0.007,Down,-2,550.0795211791992,Buy
2024-10-14,230.228515625,225.62095413208007,0.016,Up,1,550.0795211791992,Hold
2024-10-15,232.76670837402344,226.4700035095215,0.011,Up,2,556.3503494262695,Sell
2024-10-16,230.70626831054688,227.0219337463379,-0.009,Down,-1,556.3503494262695,Buy
2024-10-17,231.07456970214844,227.1851745605469,0.002,Up,1,556.3503494262695,Hold
2024-10-18,233.91134643554688,227.5235984802246,0.012,Up,2,556.3503494262695,Hold
2024-10-21,235.384521484375,228.02178039550782,0.006,Up,3,561.0286026000977,Sell
2024-10-22,234.7674102783203,228.44431457519534,-0.003,Down,-1,561.0286026000977,
2024-10-23,229.6909942626953,228.6627975463867,-0.022,Down,-2,561.0286026000977,
2024-10-24,229.5019073486328,228.81459197998046,-0.001,Down,-3,561.0286026000977,Buy
2024-10-25,230.3380126953125,228.99475479125974,0.004,Up,1,561.0286026000977,Hold
2024-10-28,232.3187713623047,229.01466064453123,0.009,Up,2,561.0286026000977,Hold
2024-10-29,232.5875244140625,229.38593139648438,0.001,Up,3,564.1142196655273,Sell
2024-10-30,229.03407287597656,229.5511627197266,-0.015,Down,-1,564.1142196655273,
2024-10-31,224.8634796142578,229.56310729980473,-0.018,Down,-2,564.1142196655273,
2024-11-01,221.87738037109375,229.36950836181646,-0.013,Down,-3,564.1142196655273,
2024-11-04,220.98153686523438,229.385433959961,-0.004,Down,-4,564.1142196655273,Buy
2024-11-05,222.4148712158203,229.2699714660645,0.006,Up,1,565.5475540161133,Sell
2024-11-06,221.68826293945312,228.930551147461,-0.003,Down,-1,565.5475540161133,Buy
2024-11-07,226.4261932373047,228.85291137695316,0.021,Up,1,570.2854843139648,Sell
2024-11-08,226.15716552734375,228.83597564697268,-0.001,Down,-1,570.2854843139648,
2024-11-11,223.4368133544922,228.49639053344728,-0.012,Down,-2,570.2854843139648,
2024-11-12,223.4368133544922,228.02989578247073,0.0,Flat,0,570.2854843139648,Buy
2024-11-13,224.3236541748047,227.71076507568364,0.004,Up,1,570.2854843139648,Hold
2024-11-14,227.4127197265625,227.5276725769043,0.014,Up,2,574.2613906860352,Sell
2024-11-15,224.2041015625,227.04231033325198,-0.014,Down,-1,574.2613906860352,Buy
2024-11-18,227.2134246826172,226.63375549316407,0.013,Up,1,574.2613906860352,Hold
2024-11-19,227.47247314453125,226.26900863647464,0.001,Up,2,574.2613906860352,Hold
2024-11-20,228.18995666503906,226.1939567565918,0.003,Up,3,578.2472457885742,Sell
2024-11-21,227.71165466308594,226.10444412231448,-0.002,Down,-1,578.2472457885742,Buy
2024-11-22,229.05685424804688,226.0403861999512,0.006,Up,1,578.2472457885742,Hold
2024-11-25,232.04624938964844,226.02676010131836,0.013,Up,2,578.2472457885742,Hold
2024-11-26,234.228515625,226.10880966186525,0.009,Up,3,584.7641067504883,Sell
2024-11-27,234.0989532470703,226.36205368041993,-0.001,Down,-1,584.7641067504883,Buy
2024-11-29,236.49049377441406,226.94340438842775,0.01,Up,1,584.7641067504883,Hold
2024-12-02,238.7424774169922,227.78665924072266,0.01,Up,2,584.7641067504883,Hold
2024-12-03,241.79165649414062,228.827165222168,0.013,Up,3,584.7641067504883,Hold
2024-12-04,242.150390625,229.813941192627,0.001,Up,4,584.7641067504883,Hold
2024-12-05,242.18028259277344,230.838542175293,0.0,Flat,5,592.8454360961914,Sell
2024-12-06,241.98098754882812,231.61628189086917,-0.001,Down,-1,592.8454360961914,Buy
2024-12-09,245.8771514892578,232.60228118896487,0.016,Up,1,592.8454360961914,Hold
2024-12-10,246.89353942871094,233.77511749267578,0.004,Up,2,597.7579879760742,Sell
2024-12-11,245.6180877685547,234.88418121337892,-0.005,Down,-1,597.7579879760742,Buy
2024-12-12,247.08287048339844,236.0221420288086,0.006,Up,1,597.7579879760742,Hold
2024-12-13,247.25228881835938,237.01412048339847,0.001,Up,2,597.7579879760742,Hold
2024-12-16,250.15196228027344,238.31151351928713,0.012,Up,3,597.7579879760742,Hold
2024-12-17,252.58334350585938,239.58000946044922,0.01,Up,4,604.7232437133789,Sell
2024-12-18,247.1725616455078,240.56501388549808,-0.021,Down,-1,604.7232437133789,Buy
2024-12-19,248.90638732910156,241.60083541870117,0.007,Up,1,604.7232437133789,Hold
2024-12-20,253.5897674560547,242.89474105834958,0.019,Up,2,604.7232437133789,Hold
2024-12-23,254.36700439453125,244.16024856567384,0.003,Up,3,604.7232437133789,Hold
2024-12-24,257.28668212890625,245.4222702026367,0.011,Up,4,604.7232437133789,Hold
2024-12-26,258.1037292480469,246.61603088378908,0.003,Up,5,615.654411315918,Sell
2024-12-27,254.6858673095703,247.6453765869141,-0.013,Down,-1,615.654411315918,
2024-12-30,251.30787658691406,248.3862457275391,-0.013,Down,-2,615.654411315918,
2024-12-31,249.5341796875,248.92583084106448,-0.007,Down,-3,615.654411315918,
2025-01-02,242.9874267578125,248.98561935424806,-0.026,Down,-4,615.654411315918,
2025-01-03,242.49916076660156,249.00305786132813,-0.002,Down,-5,615.654411315918,Buy
2025-01-06,244.1333465576172,249.1007110595703,0.007,Up,1,617.2885971069336,Sell
2025-01-07,241.35321044921875,249.06932220458984,-0.011,Down,-1,617.2885971069336,Buy
2025-01-08,241.8414764404297,248.86753845214844,0.002,Up,1,617.7768630981445,Sell
2025-01-10,236.01219177246094,248.32347106933594,-0.024,Down,-1,617.7768630981445,
2025-01-13,233.5708465576172,247.72110900878906,-0.01,Down,-2,617.7768630981445,
2025-01-14,232.45480346679688,246.989705657959,-0.005,Down,-3,617.7768630981445,Buy
2025-01-15,237.028564453125,246.47851943969727,0.02,Up,1,622.3506240844727,Sell
2025-01-16,227.4525604248047,245.34354934692382,-0.04,Down,-1,622.3506240844727,Buy
2025-01-17,229.16647338867188,244.17270584106447,0.008,Up,1,624.0645370483398,Sell
2025-01-21,221.85243225097656,242.9066993713379,-0.032,Down,-1,624.0645370483398,Buy
2025-01-22,223.03823852539062,241.61329193115236,0.005,Up,1,625.2503433227539,Sell
2025-01-23,222.86883544921875,240.07724533081054,-0.001,Down,-1,625.2503433227539,
2025-01-24,221.991943359375,238.45849227905273,-0.004,Down,-2,625.2503433227539,Buy
2025-01-27,229.04690551757812,237.0465034484863,0.032,Up,1,625.2503433227539,Hold
2025-01-28,237.4171905517578,236.0121765136719,0.037,Up,2,625.2503433227539,Hold
2025-01-29,238.51329040527344,235.20354766845705,0.005,Up,3,641.7716903686523,Sell
2025-01-30,236.7495574951172,234.4756317138672,-0.007,Down,-1,641.7716903686523,
2025-01-31,235.16519165039062,233.7571823120117,-0.007,Down,-2,641.7716903686523,
2025-02-03,227.2034454345703,232.9679832458496,-0.034,Down,-3,641.7716903686523,Buy
2025-02-04,231.9765167236328,232.44185104370118,0.021,Up,1,646.5447616577148,Sell
2025-02-05,231.6476593017578,231.81756668090824,-0.001,Down,-1,646.5447616577148,Buy
2025-02-06,232.39501953125,231.3696571350098,0.003,Up,1,647.292121887207,Sell
2025-02-07,226.82479858398438,230.61882324218752,-0.024,Down,-1,647.292121887207,Buy
2025-02-10,227.0941162109375,230.17291946411137,0.001,Up,1,647.292121887207,Hold
2025-02-11,232.05198669433594,230.09697647094728,0.022,Up,2,647.292121887207,Hold
2025-02-12,236.29161071777344,230.2888168334961,0.018,Up,3,647.292121887207,Hold
2025-02-13,240.9402313232422,230.48440017700193,0.02,Up,4,647.292121887207,Hold
2025-02-14,244.00274658203125,231.31190948486326,0.013,Up,5,664.4700698852539,Sell
2025-02-18,243.87306213378906,232.04723892211913,-0.001,Down,-1,664.4700698852539,Buy
2025-02-19,244.27207946777344,233.16822128295897,0.002,Up,1,664.4700698852539,Hold
2025-02-20,245.22975158691406,234.27779693603514,0.004,Up,2,665.8267593383789,Sell
2025-02-21,244.95042419433594,235.38187637329102,-0.001,Down,-1,665.8267593383789,Buy
2025-02-24,246.49664306640625,236.60711135864258,0.006,Up,1,667.3729782104492,Sell
2025-02-25,246.43678283691406,237.4766052246094,-0.0,Flat,-1,667.3729782104492,
2025-02-26,239.77310180664062,237.59440078735352,-0.027,Down,-2,667.3729782104492,
2025-02-27,236.72056579589844,237.50476455688477,-0.013,Down,-3,667.3729782104492,Buy
2025-02-28,241.24948120117188,237.72976074218752,0.019,Up,1,671.9018936157227,Sell
2025-03-03,237.4487762451172,237.84393997192385,-0.016,Down,-1,671.9018936157227,
2025-03-04,235.35391235351562,238.2514633178711,-0.009,Down,-2,671.9018936157227,
2025-03-05,235.1643829345703,238.41085662841797,-0.001,Down,-3,671.9018936157227,
2025-03-06,234.75538635253906,238.56624298095704,-0.002,Down,-4,671.9018936157227,Buy
2025-03-07,238.4862518310547,238.87080459594725,0.016,Up,1,675.6327590942383,Sell
2025-03-10,226.92454528808594,238.87579193115232,-0.048,Down,-1,675.6327590942383,
2025-03-11,220.30075073242188,238.53612365722657,-0.029,Down,-2,675.6327590942383,
2025-03-12,216.45018005371094,237.75603332519532,-0.017,Down,-3,675.6327590942383,
2025-03-13,209.16799926757812,236.39985275268555,-0.034,Down,-4,675.6327590942383,Buy
2025-03-14,212.9687042236328,235.00127639770508,0.018,Up,1,675.6327590942383,Hold
2025-03-17,213.4774627685547,233.4750122070312,0.002,Up,2,679.9422225952148,Sell
2025-03-18,212.17066955566406,231.88989257812497,-0.006,Down,-1,679.9422225952148,Buy
2025-03-19,214.7144317626953,230.4120101928711,0.012,Up,1,682.4859848022461,Sell
2025-03-20,213.5772247314453,228.82938385009766,-0.005,Down,-1,682.4859848022461,Buy
2025-03-21,217.73704528808594,227.46871490478514,0.019,Up,1,682.4859848022461,Hold
2025-03-24,220.19102478027344,226.15343399047853,0.011,Up,2,682.4859848022461,Hold
2025-03-25,223.2036590576172,224.99177780151368,0.014,Up,3,692.112419128418,Sell
2025-03-26,220.98907470703125,224.0525764465332,-0.01,Down,-1,692.112419128418,Buy
2025-03-27,223.3034210205078,223.38171920776367,0.01,Up,1,694.4267654418945,Sell
2025-03-28,217.36793518066406,222.18764190673832,-0.027,Down,-1,694.4267654418945,Buy
2025-03-31,221.58761596679688,221.3945838928223,0.019,Up,1,694.4267654418945,Hold
2025-04-01,222.64503479003906,220.75914001464847,0.005,Up,2,694.4267654418945,Hold
2025-04-02,223.34332275390625,220.16808700561526,0.003,Up,3,700.4021530151367,Sell
2025-04-03,202.69384765625,218.5650100708008,-0.092,Down,-1,700.4021530151367,
2025-04-04,187.92002868652344,216.03669891357424,-0.073,Down,-2,700.4021530151367,
2025-04-07,181.0169219970703,213.74131774902344,-0.037,Down,-3,700.4021530151367,
2025-04-08,171.9989776611328,211.32622909545898,-0.05,Down,-4,700.4021530151367,Buy
2025-04-09,198.3644561767578,210.42194290161135,0.153,Up,1,726.7676315307617,Sell
2025-04-10,189.9550323486328,209.4612945556641,-0.042,Down,-1,726.7676315307617,Buy
2025-04-11,197.66615295410156,208.6961669921875,0.041,Up,1,726.7676315307617,Hold
2025-04-14,202.02549743652344,208.12356872558595,0.022,Up,2,738.8380966186523,Sell
2025-04-15,201.6464080810547,207.59735565185548,-0.002,Down,-1,738.8380966186523,
2025-04-16,193.79563903808594,206.551416015625,-0.039,Down,-2,738.8380966186523,Buy
2025-04-17,196.4990234375,205.69750595092773,0.014,Up,1,741.5414810180664,Sell
2025-04-21,192.6883544921875,204.4450714111328,-0.019,Down,-1,741.5414810180664,Buy
2025-04-22,199.25228881835938,203.39813461303712,0.034,Up,1,741.5414810180664,Hold
2025-04-23,204.1004180908203,202.44297256469727,0.024,Up,2,741.5414810180664,Hold
2025-04-24,207.8612060546875,201.78657913208008,0.018,Up,3,741.5414810180664,Hold
2025-04-25,208.76898193359375,201.05985717773436,0.004,Up,4,741.5414810180664,Hold
2025-04-28,209.62689208984375,200.67280502319335,0.004,Up,5,741.5414810180664,Hold
2025-04-29,210.6942901611328,200.12813873291017,0.005,Up,6,741.5414810180664,Hold
2025-04-30,211.9811248779297,199.5949432373047,0.006,Up,7,741.5414810180664,Hold
2025-05-01,212.79913330078125,199.06773376464847,0.004,Up,8,761.6522598266602,Sell
2025-05-02,204.8485870361328,199.17547073364258,-0.037,Down,-1,761.6522598266602,
2025-05-05,198.40435791015625,199.6996871948242,-0.031,Down,-2,761.6522598266602,
2025-05-06,198.02528381347656,200.55010528564452,-0.002,Down,-3,761.6522598266602,
2025-05-07,195.7707977294922,201.7386962890625,-0.011,Down,-4,761.6522598266602,Buy
2025-05-08,197.00778198242188,201.6708625793457,0.006,Up,1,761.6522598266602,Hold
2025-05-09,198.0452423095703,202.07537307739258,0.005,Up,2,761.6522598266602,Hold
2025-05-12,210.55104064941406,202.7196174621582,0.063,Up,3,761.6522598266602,Hold
2025-05-13,212.68861389160156,203.25277328491214,0.01,Up,4,778.5700759887695,Sell
2025-05-14,212.08929443359375,203.77491760253906,-0.003,Down,-1,778.5700759887695,
2025-05-15,211.21029663085938,204.64565048217776,-0.004,Down,-2,778.5700759887695,
2025-05-16,211.0205078125,205.37172470092773,-0.001,Down,-3,778.5700759887695,
2025-05-19,208.54331970214844,206.1644729614258,-0.012,Down,-4,778.5700759887695,
2025-05-20,206.62550354003906,206.53313369750978,-0.009,Down,-5,778.5700759887695,
2025-05-21,201.86090087890625,206.42115783691406,-0.023,Down,-6,778.5700759887695,
2025-05-22,201.13172912597656,206.0846839904785,-0.004,Down,-7,778.5700759887695,
2025-05-23,195.04864501953125,205.39866714477537,-0.03,Down,-8,778.5700759887695,Buy
2025-05-27,199.98304748535156,204.91647491455078,0.025,Up,1,778.5700759887695,Hold
2025-05-28,200.1927947998047,204.39140014648436,0.001,Up,2,783.714225769043,Sell
2025-05-29,199.72332763671875,203.77851028442385,-0.002,Down,-1,783.714225769043,Buy
2025-05-30,200.622314453125,203.16966934204103,0.005,Up,1,783.714225769043,Hold
2025-06-02,201.47134399414062,203.0008071899414,0.004,Up,2,783.714225769043,Hold
2025-06-03,203.03956604003906,203.2325675964356,0.008,Up,3,787.0304641723633,Sell
2025-06-04,202.590087890625,203.46080780029297,-0.002,Down,-1,787.0304641723633,
2025-06-05,200.40257263183594,203.69239654541016,-0.011,Down,-2,787.0304641723633,Buy
2025-06-06,203.68882751464844,204.0264488220215,0.016,Up,1,790.3167190551758,Sell
2025-06-09,201.2216339111328,204.18526840209964,-0.012,Down,-1,790.3167190551758,Buy
2025-06-10,202.44024658203125,203.7797286987305,0.006,Up,1,791.5353317260742,Sell
2025-06-11,198.55465698242188,203.07303085327152,-0.019,Down,-1,791.5353317260742,Buy
2025-06-12,198.97418212890625,202.41727523803712,0.002,Up,1,791.9548568725586,Sell
2025-06-13,196.227294921875,201.6681251525879,-0.014,Down,-1,791.9548568725586,Buy
2025-06-16,198.195068359375,201.02685317993163,0.01,Up,1,793.9226303100586,Sell
2025-06-17,195.418212890625,200.37059783935547,-0.014,Down,-1,793.9226303100586,Buy
2025-06-18,196.35714721679688,199.85718002319337,0.005,Up,1,793.9226303100586,Hold
2025-06-20,200.7721405029297,199.80274200439453,0.022,Up,2,793.9226303100586,Hold
2025-06-23,201.27157592773438,199.80973434448242,0.002,Up,3,799.775993347168,Sell
2025-06-24,200.07293701171875,200.06094894409182,-0.006,Down,-1,799.775993347168,Buy
2025-06-25,201.33151245117188,200.1283721923828,0.006,Up,1,801.0345687866211,Sell
2025-06-26,200.7721405029297,200.15733947753907,-0.003,Down,-1,801.0345687866211,Buy
2025-06-27,200.85205078125,200.21377563476562,0.0,Flat,1,801.0345687866211,Hold
2025-06-30,204.93740844726562,200.42953033447267,0.02,Up,2,801.0345687866211,Hold
2025-07-01,207.58441162109375,200.73518371582034,0.013,Up,3,801.0345687866211,Hold
2025-07-02,212.1991729736328,201.19316406250002,0.022,Up,4,801.0345687866211,Hold
2025-07-03,213.30792236328125,201.72905578613282,0.005,Up,5,813.5703506469727,Sell
2025-07-07,209.7119903564453,202.19452667236328,-0.017,Down,-1,813.5703506469727,Buy
2025-07-08,209.7719268798828,202.49868164062502,0.0,Flat,1,813.5703506469727,Hold
2025-07-09,210.90065002441406,202.98263244628907,0.005,Up,2,813.5703506469727,Hold
2025-07-10,212.16920471191406,203.4690803527832,0.006,Up,3,816.0275650024414,Sell
2025-07-11,210.92062377929688,204.08737869262697,-0.006,Down,-1,816.0275650024414,
2025-07-14,208.3834991455078,204.55784454345704,-0.012,Down,-2,816.0275650024414,Buy
2025-07-15,208.87295532226562,205.19012756347658,0.002,Up,1,816.0275650024414,Hold
2025-07-16,209.92176818847656,205.77646255493164,0.005,Up,2,817.5658340454102,Sell
2025-07-17,209.78192138671875,206.49464797973636,-0.001,Down,-1,817.5658340454102,Buy
2025-07-18,210.9405975341797,207.2238204956055,0.006,Up,1,817.5658340454102,Hold
2025-07-21,212.23912048339844,207.79716949462895,0.006,Up,2,817.5658340454102,Hold
2025-07-22,214.15695190429688,208.44143829345705,0.009,Up,3,821.9408645629883,Sell
2025-07-23,213.9072265625,209.1331527709961,-0.001,Down,-1,821.9408645629883,
2025-07-24,213.51766967773438,209.74246063232422,-0.002,Down,-2,821.9408645629883,Buy
2025-07-25,213.63754272460938,210.3857307434082,0.001,Up,1,821.9408645629883,Hold
2025-07-28,213.80735778808594,211.03349609375,0.001,Up,2,822.2305526733398,Sell
2025-07-29,211.03050231933594,211.33815078735353,-0.013,Down,-1,822.2305526733398,
2025-07-30,208.81301879882812,211.39958114624022,-0.011,Down,-2,822.2305526733398,
2025-07-31,207.33470153808594,211.15635757446287,-0.007,Down,-3,822.2305526733398,
2025-08-01,202.1505889892578,210.59849090576174,-0.025,Down,-4,822.2305526733398,Buy
2025-08-04,203.11949157714844,210.26886596679688,0.005,Up,1,823.1994552612305,Sell
2025-08-05,202.68995666503906,209.91476745605468,-0.002,Down,-1,823.1994552612305,Buy
2025-08-06,213.0082550048828,210.02014770507813,0.051,Up,1,823.1994552612305,Hold
2025-08-07,219.7805633544922,210.400715637207,0.032,Up,2,823.1994552612305,Hold
2025-08-08,229.0900115966797,211.30918502807617,0.042,Up,3,849.5995101928711,Sell
2025-08-11,227.17999267578125,212.24900970458987,-0.008,Down,-1,849.5995101928711,Buy
2025-08-12,229.64999389648438,213.28786163330076,0.011,Up,1,849.5995101928711,Hold
2025-08-13,233.3300018310547,214.4582733154297,0.016,Up,2,855.7495193481445,Sell
2025-08-14,232.77999877929688,215.6081771850586,-0.002,Down,-1,855.7495193481445,
2025-08-15,231.58999633789062,216.64064712524413,-0.005,Down,-2,855.7495193481445,
2025-08-18,230.88999938964844,217.57319107055665,-0.003,Down,-3,855.7495193481445,
2025-08-19,230.55999755859375,218.3933433532715,-0.001,Down,-4,855.7495193481445,
2025-08-20,226.00999450683594,218.99848175048828,-0.02,Down,-5,855.7495193481445,
2025-08-21,224.89999389648438,219.5675979614258,-0.005,Down,-6,855.7495193481445,Buy
2025-08-22,227.75999450683594,220.27372055053712,0.013,Up,1,858.6095199584961,Sell
2025-08-25,227.16000366210938,220.9413528442383,-0.003,Down,-1,858.6095199584961,Buy
2025-08-26,229.30999755859375,221.8553276062012,0.009,Up,1,858.6095199584961,Hold
2025-08-27,230.49000549316406,222.93917694091797,0.005,Up,2,858.6095199584961,Hold
2025-08-28,232.55999755859375,224.20044174194337,0.009,Up,3,864.0095138549805,Sell
2025-08-29,232.13999938964844,225.69991226196288,-0.002,Down,-1,864.0095138549805,
2025-09-02,229.72000122070312,227.02993774414062,-0.01,Down,-2,864.0095138549805,Buy
2025-09-03,238.47000122070312,228.81893997192384,0.038,Up,1,864.0095138549805,Hold
2025-09-04,239.77999877929688,230.15752716064452,0.005,Up,2,874.0695114135742,Sell
2025-09-05,239.69000244140625,231.15299911499022,-0.0,Flat,-1,874.0695114135742,
2025-09-08,237.8800048828125,231.59249877929685,-0.008,Down,-2,874.0695114135742,
2025-09-09,234.35000610351562,231.95099945068358,-0.015,Down,-3,874.0695114135742,
2025-09-10,226.7899932861328,231.807999420166,-0.032,Down,-4,874.0695114135742,Buy
2025-09-11,230.02999877929688,231.64299926757812,0.014,Up,1,874.0695114135742,Hold
2025-09-12,234.07000732421875,231.7074996948242,0.018,Up,2,874.0695114135742,Hold
2025-09-15,236.6999969482422,231.9629997253418,0.011,Up,3,874.0695114135742,Hold
2025-09-16,238.14999389648438,232.3259994506836,0.006,Up,4,874.0695114135742,Hold
2025-09-17,238.99000549316406,232.74749984741212,0.004,Up,5,886.2695236206055,Sell
2025-09-18,237.8800048828125,233.34100036621095,-0.005,Down,-1,886.2695236206055,Buy
2025-09-19,245.5,234.37100067138672,0.032,Up,1,893.889518737793,Sell
